{
    "name": "Easy NeoPixels", 
    "version": "0.2.1", 
    "keywords": [
        "display"
    ], 
    "description": "Arduino library for easily using Adafruit NeoPixels.", 
    "frameworks": [
        "arduino"
    ], 
    "platforms": [
        "atmelavr", 
        "atmelsam", 
        "espressif32", 
        "espressif8266", 
        "intel_arc32", 
        "microchippic32", 
        "nordicnrf51", 
        "nordicnrf52", 
        "ststm32", 
        "teensy", 
        "timsp430"
    ], 
    "authors": [
        {
            "email": "evoutofambit@gmail.com", 
            "url": null, 
            "maintainer": true, 
            "name": "Evelyn Masso"
        }
    ], 
    "repository": {
        "type": "git", 
        "url": "https://github.com/outofambit/easy-neopixels"
    }, 
    "homepage": null, 
    "export": {
        "include": null, 
        "exclude": [
            "extras", 
            "docs", 
            "tests", 
            "test", 
            "*.doxyfile", 
            "*.pdf"
        ]
    }, 
    "id": 1590
}